"date","solar.time","DO.obs","DO.sat","depth","temp.water","light","DO.mod"
2016-12-31,2016-12-31 18:59:28,11.47,12.1032047529209,0.530352,6.64,0,NA
2016-12-31,2016-12-31 19:14:28,11.43,12.1032047529209,0.530352,6.64,0,NA
2016-12-31,2016-12-31 19:29:28,11.38,12.1041463036917,0.530352,6.62,0,NA
2016-12-31,2016-12-31 19:44:28,11.36,12.1021924646148,0.530352,6.62,0,NA
2016-12-31,2016-12-31 19:59:28,11.32,12.1133959929056,0.530352,6.6,0,NA
2016-12-31,2016-12-31 20:14:28,11.29,12.1120520727921,0.530352,6.6,0,NA
2016-12-31,2016-12-31 20:29:28,11.29,12.1169090562225,0.527304,6.58,0,NA
2016-12-31,2016-12-31 20:44:28,11.27,12.1194759749033,0.527304,6.58,0,NA
2016-12-31,2016-12-31 20:59:28,11.23,12.1237268349966,0.527304,6.56,0,NA
2016-12-31,2016-12-31 21:14:28,11.21,12.1237268349966,0.527304,6.56,0,NA
2016-12-31,2016-12-31 21:29:28,11.2,12.1262950078152,0.527304,6.56,0,NA
2016-12-31,2016-12-31 21:44:28,11.19,12.1323859289395,0.527304,6.54,0,NA
2016-12-31,2016-12-31 21:59:28,11.17,12.130550623164,0.524256,6.54,0,NA
2016-12-31,2016-12-31 22:14:28,11.14,12.1392166308783,0.524256,6.52,0,NA
2016-12-31,2016-12-31 22:29:28,11.13,12.1447061492091,0.524256,6.5,0,NA
2016-12-31,2016-12-31 22:44:28,11.11,12.1447061492091,0.524256,6.5,0,NA
2016-12-31,2016-12-31 22:59:28,11.09,12.142134207196,0.524256,6.5,0,NA
2016-12-31,2016-12-31 23:14:28,11.08,12.1508130468518,0.524256,6.48,0,NA
2016-12-31,2016-12-31 23:29:28,11.07,12.1526510473345,0.521208,6.48,0,NA
2016-12-31,2016-12-31 23:44:28,11.06,12.1500778466587,0.521208,6.48,0,NA
2016-12-31,2016-12-31 23:59:28,11.06,12.1506905134863,0.521208,6.48,0,NA
2016-12-31,2017-01-01 00:14:28,11.04,12.1506905134863,0.521208,6.48,0,NA
2016-12-31,2017-01-01 00:29:28,11.03,12.1519158471414,0.521208,6.48,0,NA
2016-12-31,2017-01-01 00:44:28,11.01,12.1537538476241,0.521208,6.48,0,NA
2016-12-31,2017-01-01 00:59:28,11,12.1506905134863,0.521208,6.48,0,NA
2016-12-31,2017-01-01 01:14:28,11,12.1500778466587,0.51816,6.48,0,NA
2016-12-31,2017-01-01 01:29:28,10.98,12.1488525130036,0.51816,6.48,0,NA
2016-12-31,2017-01-01 01:44:28,10.96,12.1495877131967,0.51816,6.48,0,NA
2016-12-31,2017-01-01 01:59:28,10.95,12.1447061492091,0.51816,6.5,0,NA
2016-12-31,2017-01-01 02:14:28,10.96,12.1453185163551,0.51816,6.5,0,NA
2016-12-31,2017-01-01 02:29:28,10.93,12.1453185163551,0.51816,6.5,0,NA
2016-12-31,2017-01-01 02:44:28,10.94,12.1478904583681,0.51816,6.5,0,NA
2016-12-31,2017-01-01 02:59:28,10.94,12.1445836757799,0.51816,6.5,0,NA
2016-12-31,2017-01-01 03:14:28,10.94,12.1403183527998,0.51816,6.52,0,NA
2016-12-31,2017-01-01 03:29:28,10.92,12.1415424882681,0.51816,6.52,0,NA
2016-12-31,2017-01-01 03:44:28,10.92,12.1408080069871,0.51816,6.52,0,NA
2016-12-31,2017-01-01 03:59:28,10.9,12.1360565404905,0.51816,6.54,0,NA
2017-01-01,2017-01-01 04:14:28,10.91,12.1353224181803,0.515112,6.54,0,10.91
2017-01-01,2017-01-01 04:29:28,10.9,12.137891846266,0.515112,6.54,0,10.897084332242
2017-01-01,2017-01-01 04:44:28,10.89,12.1349778778208,0.515112,6.56,0,10.8844407343278
2017-01-01,2017-01-01 04:59:28,10.89,12.1387689900768,0.515112,6.56,0,10.8720763400153
2017-01-01,2017-01-01 05:14:28,10.88,12.1408479871204,0.515112,6.56,0,10.8600300659125
2017-01-01,2017-01-01 05:29:28,10.89,12.1380555767836,0.515112,6.58,0,10.8482343270861
2017-01-01,2017-01-01 05:44:28,10.91,12.1374444056691,0.515112,6.58,0,10.8366560095106
2017-01-01,2017-01-01 05:59:28,10.91,12.1428227114765,0.515112,6.58,0,10.8253681604297
2017-01-01,2017-01-01 06:14:28,10.9,12.1447784590429,0.515112,6.58,0,10.8143914384119
2017-01-01,2017-01-01 06:29:28,10.89,12.1462452697176,0.515112,6.58,0,10.8036786825142
2017-01-01,2017-01-01 06:44:28,10.9,12.1462452697176,0.51816,6.58,0,10.7933170155563
2017-01-01,2017-01-01 06:59:28,10.91,12.145756332826,0.51816,6.58,0,10.7832787892798
2017-01-01,2017-01-01 07:14:28,10.9,12.1490566568442,0.51816,6.58,0,10.7734786467712
2017-01-01,2017-01-01 07:29:28,10.89,12.1441839809601,0.51816,6.6,45.3840624736283,10.7671993264496
2017-01-01,2017-01-01 07:44:28,10.91,12.1441839809601,0.51816,6.6,94.4788897033529,10.7679304417176
2017-01-01,2017-01-01 07:59:28,10.91,12.1394375220193,0.51816,6.62,142.079867999856,10.7756897469495
2017-01-01,2017-01-01 08:14:28,10.93,12.1339627092986,0.51816,6.64,187.983289763453,10.7900478146668
2017-01-01,2017-01-01 08:29:28,10.99,12.1283705890922,0.51816,6.66,231.992712024757,10.8105947693273
2017-01-01,2017-01-01 08:44:28,11,12.1229052074474,0.521208,6.68,273.919797120172,10.836904037414
2017-01-01,2017-01-01 08:59:28,11.04,12.1138157382643,0.521208,6.72,313.585118681133,10.8684901734282
2017-01-01,2017-01-01 09:14:28,11.08,12.1041328883718,0.521208,6.76,350.818929497359,10.9048507817239
2017-01-01,2017-01-01 09:29:28,11.14,12.1005139652165,0.521208,6.78,385.461887919034,10.9455687058404
2017-01-01,2017-01-01 09:44:28,11.2,12.0895175811557,0.521208,6.82,417.365739798074,10.9901488851892
2017-01-01,2017-01-01 09:59:28,11.27,12.0748177666079,0.521208,6.88,446.393952912202,11.0379961003022
2017-01-01,2017-01-01 10:14:28,11.34,12.0563988051715,0.521208,6.94,472.422301264896,11.0885385582419
2017-01-01,2017-01-01 10:29:28,11.4,12.0447513540223,0.521208,6.98,495.339396705387,11.1412968233179
2017-01-01,2017-01-01 10:44:28,11.47,12.034333294881,0.521208,7.02,515.047165638529,11.1958389194305
2017-01-01,2017-01-01 10:59:28,11.55,12.0209124828768,0.521208,7.06,531.461268695524,11.2516319191693
2017-01-01,2017-01-01 11:14:28,11.64,11.9992057224777,0.521208,7.14,544.511461693912,11.3080504721254
2017-01-01,2017-01-01 11:29:28,11.74,11.9795425152633,0.521208,7.2,554.141896229984,11.3645207587556
2017-01-01,2017-01-01 11:44:28,11.8,11.9600508994668,0.521208,7.26,560.31135870728,11.4205540893271
2017-01-01,2017-01-01 11:59:28,11.88,11.940850240294,0.521208,7.32,562.993446687167,11.4756532867238
2017-01-01,2017-01-01 12:14:28,11.93,11.9208603261929,0.521208,7.38,562.176681898445,11.5293188454144
2017-01-01,2017-01-01 12:29:28,11.98,11.9070437148813,0.521208,7.42,557.864559354169,11.5811221417879
2017-01-01,2017-01-01 12:44:28,12.02,11.895285451791,0.521208,7.46,550.07553240007,11.6306767209592
2017-01-01,2017-01-01 12:59:28,12.02,11.8830692048393,0.521208,7.5,538.842933746926,11.6775406232386
2017-01-01,2017-01-01 13:14:28,12.04,11.8708740212984,0.521208,7.54,524.214832822545,11.7212657505409
2017-01-01,2017-01-01 13:29:28,12.08,11.8533361863431,0.521208,7.6,506.253830073657,11.7613701401593
2017-01-01,2017-01-01 13:44:28,12.11,11.8367961271676,0.521208,7.66,485.036789061866,11.7974022387212
2017-01-01,2017-01-01 13:59:28,12.1,11.8335934185413,0.521208,7.68,460.654507525761,11.8291316836922
2017-01-01,2017-01-01 14:14:28,12.08,11.8264670582906,0.521208,7.7,433.211328827474,11.8562961672989
2017-01-01,2017-01-01 14:29:28,12.03,11.8271809017023,0.521208,7.7,402.824695415206,11.8785979866155
2017-01-01,2017-01-01 14:44:28,12.01,11.8226766087092,0.521208,7.72,369.624646232559,11.8957499404607
2017-01-01,2017-01-01 14:59:28,11.97,11.8246982002843,0.521208,7.72,333.753260221196,11.9074771097022
2017-01-01,2017-01-01 15:14:28,11.95,11.8266008747078,0.521208,7.72,295.364048298308,11.9135871725901
2017-01-01,2017-01-01 15:29:28,11.9,11.8261252061019,0.521208,7.72,254.621296410922,11.9138191916949
2017-01-01,2017-01-01 15:44:28,11.86,11.8261252061019,0.521208,7.72,211.699362466756,11.9079488729509
2017-01-01,2017-01-01 15:59:28,11.8,11.8314639621726,0.521208,7.7,166.781930195417,11.8958660295907
2017-01-01,2017-01-01 16:14:28,11.78,11.8314639621726,0.521208,7.7,120.061223080685,11.8774273059054
2017-01-01,2017-01-01 16:29:28,11.72,11.8346762575253,0.524256,7.7,71.737181707073,11.8525776444308
2017-01-01,2017-01-01 16:44:28,11.66,11.8429968440762,0.524256,7.68,22.0166081405273,11.8213463416207
2017-01-01,2017-01-01 16:59:28,11.6,11.843711028294,0.524256,7.68,0,11.7856883478469
2017-01-01,2017-01-01 17:14:28,11.54,11.850253020836,0.524256,7.66,0,11.7492783317234
2017-01-01,2017-01-01 17:29:28,11.49,11.8515629839365,0.524256,7.66,0,11.7137324801978
2017-01-01,2017-01-01 17:44:28,11.43,11.8606133162154,0.527304,7.64,0,11.6791674456408
2017-01-01,2017-01-01 17:59:28,11.37,11.869671727807,0.527304,7.62,0,11.6456436530705
2017-01-01,2017-01-01 18:14:28,11.34,11.8709829433151,0.527304,7.62,0,11.6129474978326
2017-01-01,2017-01-01 18:29:28,11.29,11.8788574868437,0.527304,7.6,0,11.5810478957129
2017-01-01,2017-01-01 18:44:28,11.25,11.8800500709793,0.530352,7.6,0,11.5500341086284
2017-01-01,2017-01-01 18:59:28,11.21,11.878261194776,0.530352,7.6,0,11.5197853332172
2017-01-01,2017-01-01 19:14:28,11.16,11.8879321432852,0.530352,7.58,0,11.4902657628919
2017-01-01,2017-01-01 19:29:28,11.14,11.8866196731361,0.530352,7.58,0,11.4614647278877
2017-01-01,2017-01-01 19:44:28,11.12,11.8951049471103,0.5334,7.56,0,11.4334601177403
2017-01-01,2017-01-01 19:59:28,11.08,11.8937918488016,0.5334,7.56,0,11.4062347395641
2017-01-01,2017-01-01 20:14:28,11.06,11.892478750493,0.5334,7.56,0,11.3795632058245
2017-01-01,2017-01-01 20:29:28,11.05,11.8937918488016,0.5334,7.56,0,11.3534617446778
2017-01-01,2017-01-01 20:44:28,11.04,11.8912850247578,0.536448,7.56,0,11.3280107507863
2017-01-01,2017-01-01 20:59:28,11.03,11.8905687893167,0.536448,7.56,0,11.3031746338707
2017-01-01,2017-01-01 21:14:28,11,11.8964319834877,0.536448,7.54,0,11.278920693078
2017-01-01,2017-01-01 21:29:28,10.98,11.8964319834877,0.536448,7.54,0,11.2552439986435
2017-01-01,2017-01-01 21:44:28,10.96,11.8976262807863,0.536448,7.54,0,11.2320858434122
2017-01-01,2017-01-01 21:59:28,10.95,11.8989400078147,0.536448,7.54,0,11.2094491822756
2017-01-01,2017-01-01 22:14:28,10.94,11.8976262807863,0.536448,7.54,0,11.1872960867692
2017-01-01,2017-01-01 22:29:28,10.92,11.8976262807863,0.539496,7.54,0,11.1657063418893
2017-01-01,2017-01-01 22:44:28,10.92,11.8976262807863,0.539496,7.54,0,11.1446819452633
2017-01-01,2017-01-01 22:59:28,10.91,11.8989400078147,0.539496,7.54,0,11.1241207049376
2017-01-01,2017-01-01 23:14:28,10.89,11.9009858574912,0.539496,7.52,0,11.1040298424893
2017-01-01,2017-01-01 23:29:28,10.87,11.8939239591607,0.539496,7.54,0,11.0843145856192
2017-01-01,2017-01-01 23:44:28,10.85,11.8901022078053,0.539496,7.54,0,11.0649089748379
2017-01-01,2017-01-01 23:59:28,10.84,11.8914159348337,0.536448,7.54,0,11.0457869726206
2017-01-01,2017-01-02 00:14:28,10.82,11.8901022078053,0.536448,7.54,0,11.0269693087838
2017-01-01,2017-01-02 00:29:28,10.81,11.8887884807769,0.536448,7.54,0,11.0085255650309
2017-01-01,2017-01-02 00:44:28,10.78,11.8901022078053,0.539496,7.54,0,10.9905799644788
2017-01-01,2017-01-02 00:59:28,10.77,11.8875941834783,0.539496,7.54,0,10.9731091094412
2017-01-01,2017-01-02 01:14:28,10.77,11.8829289446117,0.539496,7.56,0,10.9559403618208
2017-01-01,2017-01-02 01:29:28,10.81,11.8855551412291,0.539496,7.56,0,10.9391222223561
2017-01-01,2017-01-02 01:44:28,10.85,11.8770744356882,0.542544,7.58,0,10.9227096378248
2017-01-01,2017-01-02 01:59:28,10.88,11.8738486334745,0.551688,7.6,0,10.9069393311162
2017-01-01,2017-01-02 02:14:28,10.91,11.85632648612,0.569976,7.66,0,10.892184619504
2017-01-01,2017-01-02 02:29:28,10.94,11.8446700652894,0.59436,7.7,0,10.8787491220895
2017-01-01,2017-01-02 02:44:28,10.9,11.8085153870245,0.618744,7.82,0,10.8665016618532
2017-01-01,2017-01-02 02:59:28,10.86,11.7578799479136,0.643128,8,0,10.8549286204818
2017-01-01,2017-01-02 03:14:28,10.88,11.7063369323413,0.667512,8.18,0,10.8437658338043
2017-01-01,2017-01-02 03:29:28,10.86,11.6200194756176,0.688848,8.48,0,10.8324880616737
2017-01-01,2017-01-02 03:44:28,10.84,11.5490586438931,0.707136,8.72,0,10.820695324193
2017-01-01,2017-01-02 03:59:28,10.83,11.5046205650567,0.73152,8.88,0,10.808818533429
2017-01-02,2017-01-02 04:14:28,10.87,11.4789334137895,0.737616,8.96,0,10.87
2017-01-02,2017-01-02 04:29:28,10.88,11.4776629677738,0.728472,8.96,0,10.875591841379
2017-01-02,2017-01-02 04:44:28,10.86,11.4851188564518,0.719328,8.92,0,10.881020685737
2017-01-02,2017-01-02 04:59:28,10.86,11.5115164207074,0.73152,8.82,0,10.8866946476472
2017-01-02,2017-01-02 05:14:28,10.83,11.5517288113917,0.74676,8.68,0,10.8930814575994
2017-01-02,2017-01-02 05:29:28,10.84,11.6077557329024,0.749808,8.48,0,10.9004150148593
2017-01-02,2017-01-02 05:44:28,10.88,11.6497189731587,0.752856,8.34,0,10.9086216522754
2017-01-02,2017-01-02 05:59:28,11,11.672402084745,0.749808,8.26,0,10.9173065587228
2017-01-02,2017-01-02 06:14:28,11.02,11.6906408247857,0.740664,8.2,0,10.9261527479708
2017-01-02,2017-01-02 06:29:28,11.03,11.6976326294546,0.734568,8.18,0,10.9349822826869
2017-01-02,2017-01-02 06:44:28,11.03,11.7033360157926,0.725424,8.16,0,10.9436662932749
2017-01-02,2017-01-02 06:59:28,11.02,11.7102216306866,0.719328,8.14,0,10.9522054558869
2017-01-02,2017-01-02 07:14:28,11.02,11.7184089432815,0.713232,8.12,0,10.9606452657396
2017-01-02,2017-01-02 07:29:28,11,11.7278998002751,0.707136,8.1,44.7485686507361,10.9690233724075
2017-01-02,2017-01-02 07:44:28,11,11.7266034676252,0.704088,8.1,93.90960524085,10.977268818717
2017-01-02,2017-01-02 07:59:28,10.98,11.725424983398,0.70104,8.1,141.582219817849,10.9852911867311
2017-01-02,2017-01-02 08:14:28,10.96,11.7197046626696,0.70104,8.12,187.562396972657,10.9930688889931
2017-01-02,2017-01-02 08:29:28,10.95,11.7082786311356,0.704088,8.16,231.653364071486,11.0005394226144
2017-01-02,2017-01-02 08:44:28,10.99,11.7042789634533,0.71628,8.2,273.666433312019,11.0078004785044
2017-01-02,2017-01-02 08:59:28,10.98,11.6758298230907,0.740664,8.3,313.421809252461,11.0147952804414
2017-01-02,2017-01-02 09:14:28,10.98,11.6450080435548,0.771144,8.42,350.749358256231,11.0213328266261
2017-01-02,2017-01-02 09:29:28,11,11.6107254512646,0.786384,8.54,385.489336522341,11.0272969947953
2017-01-02,2017-01-02 09:44:28,11.05,11.5907223369226,0.801624,8.62,417.493073783461,11.0327224579451
2017-01-02,2017-01-02 09:59:28,11.04,11.5795246108726,0.80772,8.66,446.623609503923,11.0378118897399
2017-01-02,2017-01-02 10:14:28,11.02,11.5777800224396,0.829056,8.66,472.756279016467,11.0427798188736
2017-01-02,2017-01-02 10:29:28,11,11.5983267938739,0.856488,8.58,495.779247034343,11.0480400441765
2017-01-02,2017-01-02 10:44:28,10.95,11.6209538560149,0.880872,8.48,515.593986235681,11.0538367968248
2017-01-02,2017-01-02 10:59:28,10.96,11.6341305492114,0.893064,8.42,532.115698935603,11.0600127480317
2017-01-02,2017-01-02 11:14:28,10.92,11.6386080222309,0.893064,8.4,545.273679977628,11.0662812318401
2017-01-02,2017-01-02 11:29:28,10.96,11.6373208317076,0.890016,8.4,555.011619311588,11.072436543986
2017-01-02,2017-01-02 11:44:28,10.96,11.6292181324111,0.88392,8.42,561.287842982112,11.0783274690945
2017-01-02,2017-01-02 11:59:28,10.98,11.6324061042552,0.88392,8.4,564.075491475912,11.0840152140134
2017-01-02,2017-01-02 12:14:28,10.95,11.6367672814074,0.880872,8.38,563.362634672848,11.0896436783362
2017-01-02,2017-01-02 12:29:28,10.99,11.6406635345639,0.880872,8.36,559.152322900079,11.095220902126
2017-01-02,2017-01-02 12:44:28,10.96,11.6519826254365,0.880872,8.32,551.462573885521,11.1008306970242
2017-01-02,2017-01-02 12:59:28,10.95,11.6490516786965,0.880872,8.32,540.326295653072,11.1064001484194
2017-01-02,2017-01-02 13:14:28,10.93,11.6560072842918,0.88392,8.3,525.791145687197,11.1118959020501
2017-01-02,2017-01-02 13:29:28,10.95,11.654717059873,0.893064,8.3,507.919327013005,11.1173693622046
2017-01-02,2017-01-02 13:44:28,10.99,11.6509636797454,0.902208,8.3,486.787321956537,11.1227276794397
2017-01-02,2017-01-02 13:59:28,10.96,11.6466238339728,0.911352,8.3,462.485564890783,11.1279379697772
2017-01-02,2017-01-02 14:14:28,10.92,11.6584310331869,0.917448,8.26,435.118055175826,11.133154505383
2017-01-02,2017-01-02 14:29:28,11,11.6658691693265,0.923544,8.24,404.801912138276,11.1384904819996
2017-01-02,2017-01-02 14:44:28,11.05,11.6740634320949,0.92964,8.2,371.666873844802,11.1439025314246
2017-01-02,2017-01-02 14:59:28,11.12,11.683988046551,0.92964,8.18,335.854741849554,11.1493947387852
2017-01-02,2017-01-02 15:14:28,11.2,11.7003317252069,0.926592,8.14,297.518774446508,11.1550226206297
2017-01-02,2017-01-02 15:29:28,11.22,11.7157047281063,0.923544,8.08,256.823030687571,11.1608245713501
2017-01-02,2017-01-02 15:44:28,11.27,11.725856962574,0.920496,8.04,213.941668401785,11.166728359614
2017-01-02,2017-01-02 15:59:28,11.29,11.7438946844524,0.920496,7.98,169.058198803656,11.1727696607581
2017-01-02,2017-01-02 16:14:28,11.27,11.7578778190278,0.917448,7.94,122.364701198796,11.1789858899081
2017-01-02,2017-01-02 16:29:28,11.36,11.7733896299664,0.9144,7.88,74.0610009820207,11.1853343219747
2017-01-02,2017-01-02 16:44:28,11.43,11.7811439589327,0.911352,7.84,24.3538144315867,11.1917439395944
2017-01-02,2017-01-02 16:59:28,11.45,11.7955301579644,0.911352,7.78,0,11.1982148334306
2017-01-02,2017-01-02 17:14:28,11.42,11.806527720163,0.908304,7.74,0,11.2047874981205
2017-01-02,2017-01-02 17:29:28,11.48,11.8181388851539,0.908304,7.7,0,11.2114367221871
2017-01-02,2017-01-02 17:44:28,11.49,11.8329853254208,0.905256,7.66,0,11.2182018367854
2017-01-02,2017-01-02 17:59:28,11.49,11.8409441880395,0.902208,7.62,0,11.225030166983
2017-01-02,2017-01-02 18:14:28,11.5,11.8513087933127,0.902208,7.6,0,11.2318866005546
2017-01-02,2017-01-02 18:29:28,11.53,11.8633531568567,0.89916,7.58,0,11.2388177772794
2017-01-02,2017-01-02 18:44:28,11.43,11.861680626526,0.896112,7.56,0,11.2456823819211
2017-01-02,2017-01-02 18:59:28,11.43,11.8598900379232,0.893064,7.56,0,11.2523374879628
2017-01-02,2017-01-02 19:14:28,11.55,11.8623968619671,0.890016,7.56,0,11.2588358036006
2017-01-02,2017-01-02 19:29:28,11.53,11.856552175175,0.890016,7.58,0,11.2651519317577
2017-01-02,2017-01-02 19:44:28,11.54,11.846419198357,0.886968,7.6,0,11.2711579341576
2017-01-02,2017-01-02 19:59:28,11.54,11.8418977993181,0.88392,7.62,0,11.2768630168667
2017-01-02,2017-01-02 20:14:28,11.48,11.8309463464589,0.880872,7.64,0,11.2822643583621
2017-01-02,2017-01-02 20:29:28,11.49,11.8244280544124,0.877824,7.68,0,11.2873498382727
2017-01-02,2017-01-02 20:44:28,11.48,11.8168301722324,0.871728,7.7,0,11.2921499929195
2017-01-02,2017-01-02 20:59:28,11.48,11.8072173790177,0.86868,7.72,0,11.2966339393125
2017-01-02,2017-01-02 21:14:28,11.45,11.7931261471651,0.865632,7.76,0,11.3007527313588
2017-01-02,2017-01-02 21:29:28,11.45,11.7835366904886,0.862584,7.78,0,11.3045138657351
2017-01-02,2017-01-02 21:44:28,11.44,11.778466050156,0.859536,7.8,0,11.3080184608276
2017-01-02,2017-01-02 21:59:28,11.47,11.7739928478406,0.856488,7.82,0,11.3113266533791
2017-01-02,2017-01-02 22:14:28,11.46,11.7669146341061,0.85344,7.84,0,11.3144206840241
2017-01-02,2017-01-02 22:29:28,11.45,11.759961117468,0.850392,7.86,0,11.3172780703671
2017-01-02,2017-01-02 22:44:28,11.44,11.7574721699861,0.847344,7.86,0,11.319950359255
2017-01-02,2017-01-02 22:59:28,11.43,11.7486304532125,0.844296,7.88,0,11.3224208603895
2017-01-02,2017-01-02 23:14:28,11.39,11.7424702752641,0.841248,7.88,0,11.3246541335731
2017-01-02,2017-01-02 23:29:28,11.43,11.7392045425271,0.8382,7.9,0,11.3267150838638
2017-01-02,2017-01-02 23:44:28,11.42,11.7278933956937,0.835152,7.92,0,11.328554026057
2017-01-02,2017-01-02 23:59:28,11.4,11.7216207177302,0.832104,7.92,0,11.3301405748717
2017-01-02,2017-01-03 00:14:28,11.41,11.7122154795454,0.829056,7.94,0,11.3315003745837
2017-01-02,2017-01-03 00:29:28,11.4,11.7051834215043,0.82296,7.96,0,11.3326191046471
2017-01-02,2017-01-03 00:44:28,11.4,11.7013997393272,0.819912,7.96,0,11.3335600161657
2017-01-02,2017-01-03 00:59:28,11.39,11.6964336564697,0.816864,7.96,0,11.3343597180116
2017-01-02,2017-01-03 01:14:28,11.38,11.6852754355163,0.813816,7.98,0,11.33494348506
2017-01-02,2017-01-03 01:29:28,11.36,11.6803117087918,0.810768,7.98,0,11.3353157781733
2017-01-02,2017-01-03 01:44:28,11.36,11.6720009493433,0.810768,8,0,11.335525115328
2017-01-02,2017-01-03 01:59:28,11.34,11.6708196701333,0.80772,8,0,11.3356158048057
2017-01-02,2017-01-03 02:14:28,11.34,11.6715284376593,0.804672,8,0,11.3356722899396
2017-01-02,2017-01-03 02:29:28,11.25,11.6559047780467,0.804672,8.02,0,11.3355545237657
2017-01-02,2017-01-03 02:44:28,11.24,11.6559047780467,0.801624,8.02,0,11.3352585074013
2017-01-02,2017-01-03 02:59:28,11.22,11.6513888836847,0.801624,8.04,0,11.3349082065423
2017-01-02,2017-01-03 03:14:28,11.24,11.6477303885253,0.801624,8.04,0,11.3344788999491
2017-01-02,2017-01-03 03:29:28,11.23,11.6344909183685,0.798576,8.06,0,11.3338638845069
2017-01-02,2017-01-03 03:44:28,11.19,11.6265875934588,0.798576,8.06,0,11.3330211715021
2017-01-02,2017-01-03 03:59:28,11.21,11.6241104319199,0.798576,8.06,0,11.3320842456126
2017-01-03,2017-01-03 04:14:28,11.23,11.6190381487689,0.795528,8.06,0,11.23
2017-01-03,2017-01-03 04:29:28,11.24,11.6129042249584,0.795528,8.06,0,11.2226200571079
2017-01-03,2017-01-03 04:44:28,11.2,11.6079499018806,0.795528,8.06,0,11.2152798975601
2017-01-03,2017-01-03 04:59:28,11.21,11.6016980179968,0.795528,8.06,0,11.2079773810929
2017-01-03,2017-01-03 05:14:28,11.18,11.6024057784365,0.79248,8.06,0,11.200742765121
2017-01-03,2017-01-03 05:29:28,11.16,11.6185663084758,0.795528,8.06,0,11.1938477009074
2017-01-03,2017-01-03 05:44:28,11.18,11.6073601015142,0.801624,8.06,0,11.1872458796869
2017-01-03,2017-01-03 05:59:28,11.18,11.5910777814995,0.80772,8.1,0,11.1806130484901
2017-01-03,2017-01-03 06:14:28,11.14,11.58294737088,0.80772,8.12,0,11.1739257921034
2017-01-03,2017-01-03 06:29:28,11.17,11.5791780053871,0.80772,8.12,0,11.167257016745
2017-01-03,2017-01-03 06:44:28,11.18,11.5816516514918,0.80772,8.12,0,11.1607189337529
2017-01-03,2017-01-03 06:59:28,11.18,11.5797690679316,0.80772,8.14,0,11.1543317508923
2017-01-03,2017-01-03 07:14:28,11.16,11.5816516514918,0.80772,8.12,0,11.1480832107381
2017-01-03,2017-01-03 07:29:28,11.2,11.5804737247752,0.80772,8.12,44.2117136847275,11.1425536407665
2017-01-03,2017-01-03 07:44:28,11.16,11.5798821813413,0.810768,8.1,93.440836569946,11.1383689195672
2017-01-03,2017-01-03 07:59:28,11.16,11.5818856045275,0.813816,8.1,141.186839453617,11.1356002711248
2017-01-03,2017-01-03 08:14:28,11.16,11.5767043592823,0.813816,8.12,187.245391499309,11.1341019650563
2017-01-03,2017-01-03 08:29:28,11.13,11.5780000786705,0.813816,8.12,231.419383350487,11.1337680367919
2017-01-03,2017-01-03 08:44:28,11.14,11.5791780053871,0.813816,8.12,273.519770633348,11.1345881557422
2017-01-03,2017-01-03 08:59:28,11.16,11.5797669687453,0.813816,8.12,313.366383027643,11.1364734262174
2017-01-03,2017-01-03 09:14:28,11.16,11.5784712493571,0.816864,8.12,350.788695279387,11.1393248747509
2017-01-03,2017-01-03 09:29:28,11.17,11.5745886412518,0.813816,8.14,385.626556984263,11.142998860891
2017-01-03,2017-01-03 09:44:28,11.19,11.5644720609177,0.813816,8.16,417.730877951617,11.1473034713052
2017-01-03,2017-01-03 09:59:28,11.22,11.5625891598347,0.816864,8.16,446.964266277486,11.1521900660351
2017-01-03,2017-01-03 10:14:28,11.22,11.5591871632696,0.816864,8.18,473.201616270295,11.1576413423882
2017-01-03,2017-01-03 10:29:28,11.22,11.5515553244083,0.819912,8.2,496.330643888912,11.1635020424828
2017-01-03,2017-01-03 10:44:28,11.22,11.5415798697032,0.826008,8.22,516.252367241983,11.1696161183037
2017-01-03,2017-01-03 10:59:28,11.23,11.538289459325,0.835152,8.22,532.881530212506,11.1759401056584
2017-01-03,2017-01-03 11:14:28,11.26,11.527032393815,0.847344,8.24,546.146967297095,11.1823675560318
2017-01-03,2017-01-03 11:29:28,11.26,11.5187205176067,0.859536,8.26,555.991908182627,11.1887516588745
2017-01-03,2017-01-03 11:44:28,11.28,11.5079516384028,0.874776,8.28,562.374220687891,11.1950069410727
2017-01-03,2017-01-03 11:59:28,11.28,11.4947292319338,0.890016,8.3,565.266591078769,11.2009936610636
2017-01-03,2017-01-03 12:14:28,11.32,11.4874978943879,0.905256,8.32,564.656640960081,11.2066692926086
2017-01-03,2017-01-03 12:29:28,11.27,11.4741082332567,0.920496,8.36,560.546980256253,11.2119576213113
2017-01-03,2017-01-03 12:44:28,11.31,11.4714143008164,0.932688,8.36,552.955196044672,11.2168352151337
2017-01-03,2017-01-03 12:59:28,11.3,11.4606904151358,0.941832,8.38,541.913777291778,11.2212604864008
2017-01-03,2017-01-03 13:14:28,11.26,11.4524334656419,0.947928,8.4,527.469975827018,11.2251077071332
2017-01-03,2017-01-03 13:29:28,11.25,11.442429331697,0.954024,8.42,509.6856041188,11.2283242494666
2017-01-03,2017-01-03 13:44:28,11.24,11.4348891423659,0.957072,8.44,488.636770758429,11.2308593705944
2017-01-03,2017-01-03 13:59:28,11.24,11.431094803624,0.96012,8.46,464.413554751391,11.2327251364978
2017-01-03,2017-01-03 14:14:28,11.26,11.4278229358778,0.96012,8.46,437.119620024027,11.2339107083069
2017-01-03,2017-01-03 14:29:28,11.27,11.4162077514466,0.96012,8.48,406.871771784433,11.2342752452036
2017-01-03,2017-01-03 14:44:28,11.28,11.4162077514466,0.96012,8.48,373.799456685758,11.2338090084691
2017-01-03,2017-01-03 14:59:28,11.27,11.4142926089041,0.957072,8.5,338.044208799009,11.232566941921
2017-01-03,2017-01-03 15:14:28,11.26,11.4067777348589,0.954024,8.52,299.759043963871,11.2304156981776
2017-01-03,2017-01-03 15:29:28,11.27,11.4007099611825,0.950976,8.52,259.107804949499,11.2272689099262
2017-01-03,2017-01-03 15:44:28,11.23,11.4011767130037,0.947928,8.52,216.264460252913,11.2231784477212
2017-01-03,2017-01-03 15:59:28,11.2,11.3943708083227,0.94488,8.54,171.412359626487,11.2181049845865
2017-01-03,2017-01-03 16:14:28,11.2,11.383956845547,0.941832,8.56,124.743449417108,11.2119023987292
2017-01-03,2017-01-03 16:29:28,11.2,11.3844231597645,0.935736,8.56,76.4574511123564,11.2046099632929
2017-01-03,2017-01-03 16:44:28,11.17,11.377280905653,0.932688,8.58,26.7610066769272,11.1962443706203
2017-01-03,2017-01-03 16:59:28,11.11,11.3759991424635,0.92964,8.58,0,11.1870642246319
2017-01-03,2017-01-03 17:14:28,11.11,11.3700283718894,0.926592,8.6,0,11.1776600989309
2017-01-03,2017-01-03 17:29:28,11.12,11.3645283518986,0.923544,8.62,0,11.1682945583782
2017-01-03,2017-01-03 17:44:28,11.09,11.3627565122056,0.920496,8.64,0,11.1590127744714
2017-01-03,2017-01-03 17:59:28,11.07,11.3621488921238,0.917448,8.66,0,11.1498666146051
2017-01-03,2017-01-03 18:14:28,11.05,11.356658781057,0.9144,8.68,0,11.1408119999357
2017-01-03,2017-01-03 18:29:28,11.05,11.3523352794348,0.911352,8.7,0,11.1318058115738
2017-01-03,2017-01-03 18:44:28,11.05,11.3409127856132,0.908304,8.74,0,11.1227826509915
2017-01-03,2017-01-03 18:59:28,11.06,11.330567423186,0.908304,8.76,0,11.113699380373
2017-01-03,2017-01-03 19:14:28,11.01,11.3206951478482,0.905256,8.78,0,11.1045729054817
2017-01-03,2017-01-03 19:29:28,11.03,11.3201056894981,0.902208,8.8,0,11.0954886676734
2017-01-03,2017-01-03 19:44:28,11.03,11.3097830348167,0.902208,8.82,0,11.0864639981618
2017-01-03,2017-01-03 19:59:28,11,11.3006276981836,0.89916,8.84,0,11.0774027460941
2017-01-03,2017-01-03 20:14:28,10.99,11.2964582674036,0.896112,8.86,0,11.0683501675466
2017-01-03,2017-01-03 20:29:28,11,11.2910194243062,0.896112,8.88,0,11.0593708100452
2017-01-03,2017-01-03 20:44:28,10.86,11.281190220117,0.893064,8.9,0,11.050400245054
2017-01-03,2017-01-03 20:59:28,10.95,11.2836190044621,0.893064,8.9,0,11.0415241351184
2017-01-03,2017-01-03 21:14:28,10.92,11.275762580948,0.893064,8.92,0,11.0327861757458
2017-01-03,2017-01-03 21:29:28,10.99,11.2727660369079,0.890016,8.94,0,11.0241007027779
2017-01-03,2017-01-03 21:44:28,10.98,11.2690788310072,0.890016,8.96,0,11.0155129079438
2017-01-03,2017-01-03 21:59:28,10.98,11.2623930989163,0.890016,8.98,0,11.0070037692413
2017-01-03,2017-01-03 22:14:28,10.98,11.2599688291275,0.886968,8.98,0,10.9985598993084
2017-01-03,2017-01-03 22:29:28,10.92,11.253866898497,0.88392,9,0,10.990162058396
2017-01-03,2017-01-03 22:44:28,10.94,11.2496155082129,0.88392,9.02,0,10.9818147688523
2017-01-03,2017-01-03 22:59:28,10.91,11.2496155082129,0.88392,9.02,0,10.9736075308863
2017-01-03,2017-01-03 23:14:28,10.96,11.2446759078676,0.88392,9.04,0,10.9655296683642
2017-01-03,2017-01-03 23:29:28,10.96,11.2344399687915,0.88392,9.06,0,10.9574661271057
2017-01-03,2017-01-03 23:44:28,10.96,11.2259406601397,0.88392,9.08,0,10.9493769686248
2017-01-03,2017-01-03 23:59:28,10.94,11.2239827062866,0.880872,9.08,0,10.9413287617567
2017-01-03,2017-01-04 00:14:28,10.95,11.2173336425223,0.880872,9.1,0,10.9333412552073
2017-01-03,2017-01-04 00:29:28,10.92,11.2119560107362,0.877824,9.12,0,10.9253766074048
2017-01-03,2017-01-04 00:44:28,10.93,11.2125313458358,0.877824,9.12,0,10.9175131604136
2017-01-03,2017-01-04 00:59:28,10.86,11.2095732513774,0.877824,9.14,0,10.9098004225559
2017-01-03,2017-01-04 01:14:28,10.9,11.2058928122698,0.877824,9.14,0,10.9021875818978
2017-01-03,2017-01-04 01:29:28,10.88,11.1988001192257,0.874776,9.16,0,10.8946014694821
2017-01-03,2017-01-04 01:44:28,10.79,11.1996048425233,0.874776,9.16,0,10.8870916002395
2017-01-03,2017-01-04 01:59:28,10.86,11.2002946053499,0.874776,9.16,0,10.8797661518667
2017-01-03,2017-01-04 02:14:28,10.87,11.1985701982835,0.871728,9.16,0,10.8725677387167
2017-01-03,2017-01-04 02:29:28,10.86,11.1998347634655,0.871728,9.16,0,10.8654999425296
2017-01-03,2017-01-04 02:44:28,10.83,11.1944713020866,0.871728,9.18,0,10.8585463086107
2017-01-03,2017-01-04 02:59:28,10.85,11.1968843546891,0.86868,9.18,0,10.8516919716773
2017-01-03,2017-01-04 03:14:28,10.87,11.1956203747545,0.865632,9.18,0,10.8449530739388
2017-01-03,2017-01-04 03:29:28,10.86,11.1883083620467,0.865632,9.2,0,10.8382457378261
2017-01-03,2017-01-04 03:44:28,10.85,11.1883083620467,0.862584,9.2,0,10.8315832430367
2017-01-03,2017-01-04 03:59:28,10.86,11.1883083620467,0.862584,9.2,0,10.825044161841
2017-01-04,2017-01-04 04:14:28,10.83,11.1871598209551,0.862584,9.2,0,NA
2017-01-04,2017-01-04 04:29:28,10.83,11.1846762826402,0.859536,9.22,0,NA
2017-01-04,2017-01-04 04:44:28,10.81,11.1846762826402,0.859536,9.22,0,NA
2017-01-04,2017-01-04 04:59:28,10.82,11.1846762826402,0.856488,9.22,0,NA
2017-01-04,2017-01-04 05:14:28,10.77,11.1773751672378,0.856488,9.24,0,NA
2017-01-04,2017-01-04 05:29:28,10.84,11.1797848738465,0.85344,9.24,0,NA
2017-01-04,2017-01-04 05:44:28,10.84,11.182309328389,0.85344,9.24,0,NA
2017-01-04,2017-01-04 05:59:28,10.85,11.1847190349977,0.850392,9.24,0,NA
2017-01-04,2017-01-04 06:14:28,10.84,11.1847190349977,0.850392,9.24,0,NA
2017-01-04,2017-01-04 06:29:28,10.85,11.1871287416064,0.850392,9.24,0,NA
2017-01-04,2017-01-04 06:44:28,10.83,11.1878172292089,0.847344,9.24,0,NA
2017-01-04,2017-01-04 06:59:28,10.82,11.1878172292089,0.847344,9.24,0,NA
2017-01-04,2017-01-04 07:14:28,10.86,11.1975339944349,0.847344,9.22,0,NA
2017-01-04,2017-01-04 07:29:28,10.87,11.1958119794624,0.844296,9.22,43.7744025911719,NA
2017-01-04,2017-01-04 07:44:28,10.87,11.1977635964312,0.844296,9.22,93.0734308829515,NA
2017-01-04,2017-01-04 07:59:28,10.85,11.1977635964312,0.844296,9.22,140.894512199481,NA
2017-01-04,2017-01-04 08:14:28,10.88,11.1990264074111,0.844296,9.22,187.032992911642,NA
2017-01-04,2017-01-04 08:29:28,10.88,11.1941283655651,0.841248,9.24,231.29142016384,NA
2017-01-04,2017-01-04 08:44:28,10.87,11.1921017638325,0.841248,9.26,273.48038688616,NA
2017-01-04,2017-01-04 08:59:28,10.88,11.190649786055,0.8382,9.28,313.419342353093,NA
2017-01-04,2017-01-04 09:14:28,10.88,11.1887403362566,0.835152,9.3,350.937364867655,NA
2017-01-04,2017-01-04 09:29:28,10.89,11.1794301576289,0.835152,9.34,385.873893265068,NA
2017-01-04,2017-01-04 09:44:28,10.87,11.1772982987222,0.835152,9.36,418.079414024615,NA
2017-01-04,2017-01-04 09:59:28,10.9,11.1653793385803,0.832104,9.4,447.416101103347,NA
2017-01-04,2017-01-04 10:14:28,10.91,11.1565644619424,0.829056,9.44,473.758405833014,NA
2017-01-04,2017-01-04 10:29:28,10.91,11.148562817573,0.829056,9.48,496.993594161241,NA
2017-01-04,2017-01-04 10:44:28,10.92,11.1439395030898,0.826008,9.5,517.022229140037,NA
2017-01-04,2017-01-04 10:59:28,10.93,11.1316274342465,0.82296,9.54,533.758596472523,NA
2017-01-04,2017-01-04 11:14:28,10.92,11.1221825275898,0.82296,9.58,547.131071326295,NA
2017-01-04,2017-01-04 11:29:28,10.91,11.1074758706126,0.819912,9.64,557.082424865136,NA
2017-01-04,2017-01-04 11:44:28,10.91,11.0959120970724,0.819912,9.68,563.570069176166,NA
2017-01-04,2017-01-04 20:14:28,10.92,11.0913296416261,0.786384,9.92,0,NA
2017-01-04,2017-01-04 20:29:28,10.92,11.0974760833911,0.783336,9.9,0,NA
2017-01-04,2017-01-04 20:44:28,10.89,11.1064545655394,0.783336,9.88,0,NA
2017-01-04,2017-01-04 20:59:28,10.88,11.1160064485129,0.783336,9.86,0,NA
2017-01-04,2017-01-04 21:14:28,10.86,11.1230767260177,0.783336,9.84,0,NA
2017-01-04,2017-01-04 21:29:28,10.83,11.130266265926,0.780288,9.82,0,NA
2017-01-04,2017-01-04 21:44:28,10.84,11.1373486687578,0.780288,9.8,0,NA
2017-01-04,2017-01-04 21:59:28,10.83,11.1433037927235,0.77724,9.78,0,NA
2017-01-04,2017-01-04 22:14:28,10.81,11.151191470136,0.774192,9.76,0,NA
2017-01-04,2017-01-04 22:29:28,10.79,11.1606740431118,0.774192,9.74,0,NA
2017-01-04,2017-01-04 22:44:28,10.77,11.1685760295765,0.771144,9.72,0,NA
2017-01-04,2017-01-04 22:59:28,10.78,11.1728515335571,0.768096,9.7,0,NA
2017-01-04,2017-01-04 23:14:28,10.78,11.1795159570762,0.765048,9.68,0,NA
2017-01-04,2017-01-04 23:29:28,10.77,11.183799524436,0.762,9.66,0,NA
2017-01-04,2017-01-04 23:44:28,10.75,11.1839131686892,0.762,9.66,0,NA
2017-01-04,2017-01-04 23:59:28,10.75,11.1869496198689,0.758952,9.64,0,NA
2017-01-04,2017-01-05 00:14:28,10.76,11.1965573899792,0.755904,9.6,0,NA
2017-01-04,2017-01-05 00:29:28,10.74,11.2008548934264,0.752856,9.58,0,NA
2017-01-04,2017-01-05 00:44:28,10.75,11.2093703953911,0.752856,9.56,0,NA
2017-01-04,2017-01-05 00:59:28,10.74,11.2172095342246,0.749808,9.54,0,NA
2017-01-04,2017-01-05 01:14:28,10.76,11.2298284243573,0.749808,9.5,0,NA
2017-01-04,2017-01-05 01:29:28,10.75,11.2389417200333,0.74676,9.48,0,NA
2017-01-04,2017-01-05 01:44:28,10.76,11.2438387663321,0.74676,9.46,0,NA
2017-01-04,2017-01-05 01:59:28,10.74,11.2487398732129,0.743712,9.44,0,NA
2017-01-04,2017-01-05 02:14:28,10.75,11.2595832121455,0.743712,9.4,0,NA
2017-01-04,2017-01-05 02:29:28,10.75,11.2693008683402,0.743712,9.38,0,NA
2017-01-04,2017-01-05 02:44:28,10.74,11.2736487987584,0.743712,9.36,0,NA
2017-01-04,2017-01-05 02:59:28,10.75,11.2838389350694,0.743712,9.34,0,NA
2017-01-04,2017-01-05 03:14:28,10.73,11.2923288098558,0.740664,9.3,0,NA
2017-01-04,2017-01-05 03:29:28,10.75,11.3043880864591,0.740664,9.26,0,NA
2017-01-04,2017-01-05 03:44:28,10.74,11.3123187373265,0.740664,9.24,0,NA
2017-01-04,2017-01-05 03:59:28,10.74,11.3188974841646,0.740664,9.2,0,NA
2017-01-05,2017-01-05 04:14:28,10.73,11.3244314208217,0.740664,9.18,0,10.73
2017-01-05,2017-01-05 04:29:28,10.73,11.332867961485,0.737616,9.14,0,10.7316832221786
2017-01-05,2017-01-05 04:44:28,10.73,11.3353078560909,0.737616,9.12,0,10.7334150919008
2017-01-05,2017-01-05 04:59:28,10.72,11.3431875438107,0.734568,9.08,0,10.7351879132948
2017-01-05,2017-01-05 05:14:28,10.74,11.3566134480617,0.734568,9.04,0,10.7371192500451
2017-01-05,2017-01-05 05:29:28,10.73,11.3602210178585,0.73152,9.02,0,10.7391613504072
2017-01-05,2017-01-05 05:44:28,10.73,11.3729859778548,0.728472,8.98,0,10.7412793390203
2017-01-05,2017-01-05 05:59:28,10.72,11.3797231294692,0.728472,8.96,0,10.7435306908505
2017-01-05,2017-01-05 06:14:28,10.72,11.3949488427063,0.725424,8.92,0,10.7459391671062
2017-01-05,2017-01-05 06:29:28,10.72,11.4029112461403,0.725424,8.88,0,10.7485106631404
2017-01-05,2017-01-05 06:44:28,10.71,11.4132643158428,0.722376,8.86,0,10.7511909625521
2017-01-05,2017-01-05 06:59:28,10.72,11.428551972518,0.722376,8.82,0,10.7540584538755
2017-01-05,2017-01-05 07:14:28,10.7,11.4395749431694,0.719328,8.78,0,10.757111748488
2017-01-05,2017-01-05 07:29:28,10.71,11.4456735842025,0.719328,8.76,43.437507529715,10.7603830813612
2017-01-05,2017-01-05 07:44:28,10.71,11.4493395684947,0.71628,8.74,92.8082005804741,10.7639438423411
2017-01-05,2017-01-05 07:59:28,10.73,11.4616768148082,0.71628,8.7,140.705986679881,10.7678665840363
2017-01-05,2017-01-05 08:14:28,10.74,11.4732590435276,0.713232,8.68,186.925882341185,10.7722224443739
2017-01-05,2017-01-05 08:29:28,10.73,11.481827658626,0.713232,8.66,231.270084746149,10.7769539400316
2017-01-05,2017-01-05 08:44:28,10.74,11.4959606777309,0.713232,8.62,273.548818250637,10.7820880059557
2017-01-05,2017-01-05 08:59:28,10.76,11.501405794685,0.710184,8.6,313.581146550729,10.7875460640665
2017-01-05,2017-01-05 09:14:28,10.74,11.5055737485266,0.710184,8.58,351.195747039502,10.7932015906955
2017-01-05,2017-01-05 09:29:28,10.73,11.5085793201799,0.707136,8.56,386.231643941592,10.7990091623809
2017-01-05,2017-01-05 09:44:28,10.74,11.5146196691707,0.707136,8.54,418.538897291312,10.8049698824696
2017-01-05,2017-01-05 09:59:28,10.75,11.5304516235511,0.704088,8.5,447.979244612075,10.8112003619257
2017-01-05,2017-01-05 10:14:28,10.76,11.5389619761479,0.704088,8.48,474.426692580429,10.8177036599188
2017-01-05,2017-01-05 10:29:28,10.76,11.5425720118333,0.70104,8.46,497.768056293077,10.8243257155817
2017-01-05,2017-01-05 10:44:28,10.74,11.545015854626,0.70104,8.44,517.903443606003,10.8309778559793
2017-01-05,2017-01-05 10:59:28,10.75,11.5460579337212,0.70104,8.42,534.746682665848,10.8376309878912
2017-01-05,2017-01-05 11:14:28,10.75,11.5472174950806,0.697992,8.4,548.225690690946,10.8442307422504
2017-01-05,2017-01-05 11:29:28,10.76,11.5544653951116,0.697992,8.38,558.282782449956,10.850824897581
2017-01-05,2017-01-05 11:44:28,10.76,11.5579715213973,0.694944,8.36,564.87491715026,10.8574176441532
2017-01-05,2017-01-05 11:59:28,10.74,11.552935039009,0.694944,8.36,567.973882629526,10.8638569723363
2017-01-05,2017-01-05 12:14:28,10.73,11.5559728458874,0.691896,8.34,567.566416100995,10.8701188150163
2017-01-05,2017-01-05 12:29:28,10.74,11.5595991841918,0.691896,8.32,563.654260918868,10.8762750972394
2017-01-05,2017-01-05 12:44:28,10.74,11.5564337617126,0.691896,8.32,556.254159116787,10.8822615676019
2017-01-05,2017-01-05 12:59:28,10.75,11.5570199510606,0.688848,8.32,545.397779769185,10.8880107385692
2017-01-05,2017-01-05 13:14:28,10.76,11.5577233782782,0.688848,8.32,531.131583457087,10.8935477635825
2017-01-05,2017-01-05 13:29:28,10.78,11.5483559730466,0.688848,8.34,513.516623456081,10.8987705226999
2017-01-05,2017-01-05 13:44:28,10.81,11.5464930266518,0.688848,8.36,492.628284422033,10.9036403734172
2017-01-05,2017-01-05 13:59:28,10.82,11.5391289127435,0.6858,8.38,468.555959825257,10.9081446443807
2017-01-05,2017-01-05 14:14:28,10.86,11.5352817284106,0.6858,8.4,441.402669345875,10.9122488489669
2017-01-05,2017-01-05 14:29:28,10.86,11.5276948518727,0.6858,8.42,411.284618015361,10.9159602770272
2017-01-05,2017-01-05 14:44:28,10.87,11.5160228348378,0.6858,8.44,378.33069891247,10.9191828588058
2017-01-05,2017-01-05 14:59:28,10.87,11.5035723185984,0.6858,8.48,342.681941519505,10.921859357383
2017-01-05,2017-01-05 15:14:28,10.89,11.4961292614343,0.682752,8.5,304.490908227306,10.9240069984224
2017-01-05,2017-01-05 15:29:28,10.94,11.4850753528753,0.682752,8.52,263.921041386079,10.9256322272435
2017-01-05,2017-01-05 15:44:28,10.93,11.480679399038,0.682752,8.54,221.145963879584,10.926787974178
2017-01-05,2017-01-05 15:59:28,10.95,11.4800175743566,0.682752,8.56,176.348736059287,10.9275846962693
2017-01-05,2017-01-05 16:14:28,10.98,11.4640191344745,0.679704,8.6,129.721072317456,10.9278669120249
2017-01-05,2017-01-05 16:29:28,11,11.4535856851685,0.679704,8.62,81.462520650728,10.9275263310331
2017-01-05,2017-01-05 16:44:28,11.02,11.4524703274911,0.679704,8.64,31.779608663673,10.9267526076311
2017-01-05,2017-01-05 16:59:28,11.03,11.439662357731,0.679704,8.68,0,10.9255859360155
2017-01-05,2017-01-05 17:14:28,11.03,11.4311169595444,0.679704,8.7,0,10.9241153219298
2017-01-05,2017-01-05 17:29:28,11.04,11.4232759085896,0.679704,8.72,0,10.9225026525312
2017-01-05,2017-01-05 17:44:28,11.02,11.4228113370834,0.679704,8.72,0,10.9208370333402
2017-01-05,2017-01-05 17:59:28,11.02,11.4178795490505,0.679704,8.74,0,10.919151682604
2017-01-05,2017-01-05 18:14:28,11.03,11.4216499083179,0.679704,8.72,0,10.917490707583
2017-01-05,2017-01-05 18:29:28,11.03,11.4199077651696,0.682752,8.72,0,10.9159140818088
2017-01-05,2017-01-05 18:44:28,11.03,11.4199077651696,0.682752,8.72,0,10.9143813979069
2017-01-05,2017-01-05 18:59:28,11.02,11.4212402002386,0.682752,8.7,0,10.9128941255086
2017-01-05,2017-01-05 19:14:28,11.02,11.424842312456,0.682752,8.7,0,10.9114909753225
2017-01-05,2017-01-05 19:29:28,11.01,11.4340822853496,0.682752,8.68,0,10.9102571805432
2017-01-05,2017-01-05 19:44:28,11.01,11.4328035187622,0.679704,8.68,0,10.9091068111331
2017-01-05,2017-01-05 19:59:28,11.01,11.4340822853496,0.679704,8.68,0,10.9079534258302
2017-01-05,2017-01-05 20:14:28,11.01,11.4437956307871,0.676656,8.66,0,10.9069146999426
2017-01-05,2017-01-05 20:29:28,11.01,11.4437956307871,0.676656,8.66,0,10.9059740067105
2017-01-05,2017-01-05 20:44:28,11,11.4426325718318,0.673608,8.66,0,10.9050123381983
2017-01-05,2017-01-05 20:59:28,10.99,11.4468850315978,0.673608,8.64,0,10.9040736810845
2017-01-05,2017-01-05 21:14:28,10.96,11.4512573888738,0.67056,8.62,0,10.9032148601341
2017-01-05,2017-01-05 21:29:28,11,11.4567980349946,0.667512,8.6,0,10.9024187447268
2017-01-05,2017-01-05 21:44:28,11,11.4580319865898,0.667512,8.58,0,10.9016784820025
2017-01-05,2017-01-05 21:59:28,10.96,11.454419744874,0.664464,8.58,0,10.9008952816663
2017-01-05,2017-01-05 22:14:28,10.96,11.4582173846874,0.664464,8.56,0,10.9000982440799
2017-01-05,2017-01-05 22:29:28,10.95,11.4704893584609,0.661416,8.52,0,10.8994549447228
2017-01-05,2017-01-05 22:44:28,10.93,11.4754657985272,0.661416,8.5,0,10.8989747537078
2017-01-05,2017-01-05 22:59:28,10.92,11.4810303915124,0.661416,8.48,0,10.8986136748525
2017-01-05,2017-01-05 23:14:28,10.93,11.4816919012703,0.658368,8.46,0,10.8982914571381
2017-01-05,2017-01-05 23:29:28,10.91,11.4879650737524,0.658368,8.44,0,10.8980148971105
2017-01-05,2017-01-05 23:44:28,10.91,11.4910856504804,0.65532,8.42,0,10.8978095692486
2017-01-05,2017-01-05 23:59:28,10.92,11.4960809261118,0.65532,8.4,0,10.8976598031495
2017-01-05,2017-01-06 00:14:28,10.92,11.5029535459364,0.65532,8.38,0,10.8976358303541
2017-01-05,2017-01-06 00:29:28,10.93,11.5004950258621,0.652272,8.38,0,10.8976261909496
2017-01-05,2017-01-06 00:44:28,10.95,11.5072553150218,0.652272,8.36,0,10.8976292775075
2017-01-05,2017-01-06 00:59:28,10.93,11.5085437174932,0.652272,8.36,0,10.8977165683068
2017-01-05,2017-01-06 01:14:28,10.93,11.5103887915016,0.652272,8.34,0,10.8978324685005
2017-01-05,2017-01-06 01:29:28,10.92,11.5092169649108,0.652272,8.34,0,10.897949483132
2017-01-05,2017-01-06 01:44:28,10.91,11.5184486919623,0.652272,8.32,0,10.8981481861229
2017-01-05,2017-01-06 01:59:28,10.92,11.5204164271821,0.652272,8.3,0,10.8984572945357
2017-01-05,2017-01-06 02:14:28,10.92,11.5278058943083,0.65532,8.3,0,10.8988887659249
2017-01-05,2017-01-06 02:29:28,10.93,11.5383448836649,0.65532,8.28,0,10.8995333064056
2017-01-05,2017-01-06 02:44:28,10.92,11.5371713992918,0.65532,8.28,0,10.9002620772382
2017-01-05,2017-01-06 02:59:28,10.94,11.5414968537602,0.65532,8.26,0,10.9010054408783
2017-01-05,2017-01-06 03:14:28,10.91,11.5459433251664,0.65532,8.24,0,10.9018204216612
2017-01-05,2017-01-06 03:29:28,10.91,11.5397179875165,0.65532,8.24,0,10.9025944079777
2017-01-05,2017-01-06 03:44:28,10.91,11.544752765425,0.65532,8.22,0,10.9033346949453
2017-01-05,2017-01-06 03:59:28,10.9,11.5542594381096,0.652272,8.2,0,10.9041785303041
2017-01-06,2017-01-06 04:14:28,10.9,11.55684598165,0.652272,8.2,0,NA
2017-01-06,2017-01-06 04:29:28,10.9,11.5618925547073,0.652272,8.18,0,NA
2017-01-06,2017-01-06 04:44:28,10.91,11.5707091707553,0.652272,8.16,0,NA
2017-01-06,2017-01-06 04:59:28,10.9,11.5731804784268,0.649224,8.16,0,NA
2017-01-06,2017-01-06 05:14:28,10.9,11.5850672315814,0.649224,8.14,0,NA
2017-01-06,2017-01-06 05:29:28,10.91,11.5931953333138,0.646176,8.12,0,NA
2017-01-06,2017-01-06 05:44:28,10.91,11.6025090785032,0.646176,8.1,0,NA
2017-01-06,2017-01-06 05:59:28,10.91,11.6075865553932,0.643128,8.08,0,NA
2017-01-06,2017-01-06 06:14:28,10.92,11.6125385327694,0.643128,8.08,0,NA
2017-01-06,2017-01-06 06:29:28,10.91,11.6206895897948,0.64008,8.06,0,NA
2017-01-06,2017-01-06 06:44:28,10.9,11.6306180724573,0.64008,8.04,0,NA
2017-01-06,2017-01-06 06:59:28,10.91,11.6400831404844,0.64008,8.02,0,NA
2017-01-06,2017-01-06 07:14:28,10.93,11.6494385164315,0.64008,8,0,NA
2017-01-06,2017-01-06 07:29:28,10.92,11.6551385232608,0.637032,7.98,43.201867034721,NA
2017-01-06,2017-01-06 07:44:28,10.92,11.6589204102889,0.637032,7.98,92.6459224595629,NA
2017-01-06,2017-01-06 07:59:28,10.91,11.6633264374199,0.637032,7.96,140.621974052776,NA
2017-01-06,2017-01-06 08:14:28,10.92,11.6696288416861,0.637032,7.94,186.924701712598,NA
2017-01-06,2017-01-06 08:29:28,10.93,11.6878151830121,0.633984,7.9,231.355946456003,NA
2017-01-06,2017-01-06 08:44:28,10.92,11.7008890741128,0.633984,7.88,273.725558555878,NA
2017-01-06,2017-01-06 08:59:28,10.92,11.7085228695077,0.633984,7.86,313.852211265349,NA
2017-01-06,2017-01-06 09:14:28,10.94,11.7260646491111,0.633984,7.82,351.564176845412,NA
2017-01-06,2017-01-06 09:29:28,10.92,11.7305150259936,0.633984,7.8,386.700061500076,NA
2017-01-06,2017-01-06 09:44:28,10.93,11.7410251919108,0.633984,7.78,419.109496094501,NA
2017-01-06,2017-01-06 09:59:28,10.93,11.7511884050884,0.633984,7.76,448.653779664934,NA
2017-01-06,2017-01-06 10:14:28,10.94,11.7587458186681,0.633984,7.74,475.206473015829,NA
2017-01-06,2017-01-06 10:29:28,10.93,11.7542291215119,0.633984,7.74,498.653939853296,NA
2017-01-06,2017-01-06 10:44:28,10.93,11.7661909617594,0.637032,7.72,518.89583311216,NA
2017-01-06,2017-01-06 10:59:28,10.93,11.7780446801958,0.637032,7.7,535.84552437614,NA
2017-01-06,2017-01-06 11:14:28,10.95,11.7736426458235,0.637032,7.7,549.430474663192,NA
2017-01-06,2017-01-06 11:29:28,10.93,11.77348291354,0.637032,7.68,559.592544836995,NA
2017-01-06,2017-01-06 11:44:28,10.93,11.7798722760745,0.637032,7.66,566.288244443518,NA
2017-01-06,2017-01-06 11:59:28,10.93,11.7849565861136,0.637032,7.64,569.488917840699,NA
2017-01-06,2017-01-06 12:14:28,10.94,11.7907603945037,0.633984,7.62,569.180866825266,NA
2017-01-06,2017-01-06 12:29:28,10.94,11.793468462739,0.633984,7.6,565.365409273701,NA
2017-01-06,2017-01-06 12:44:28,10.96,11.7974039903863,0.633984,7.6,558.058873500033,NA
2017-01-06,2017-01-06 12:59:28,10.95,11.8027408990621,0.630936,7.58,547.292528383267,NA
2017-01-06,2017-01-06 13:14:28,10.95,11.807962968444,0.630936,7.56,533.112449552895,NA
2017-01-06,2017-01-06 13:29:28,10.95,11.8067692427089,0.627888,7.56,515.579322206357,NA
2017-01-06,2017-01-06 13:44:28,11,11.807962968444,0.627888,7.56,494.768181402726,NA
2017-01-06,2017-01-06 13:59:28,11.01,11.8036655557975,0.62484,7.56,470.768090943986,NA
2017-01-06,2017-01-06 14:14:28,11.03,11.8073661055765,0.62484,7.56,443.681762218187,NA
2017-01-06,2017-01-06 14:29:28,11.07,11.808587356999,0.62484,7.58,413.625114618935,NA
2017-01-06,2017-01-06 14:44:28,11.09,11.807394202318,0.621792,7.58,380.726779512004,NA
2017-01-06,2017-01-06 14:59:28,11.12,11.7996699002438,0.621792,7.6,345.127549663361,NA
2017-01-06,2017-01-06 15:14:28,11.16,11.7951708466672,0.621792,7.62,306.979776744985,NA
2017-01-06,2017-01-06 15:29:28,11.2,11.7887692087329,0.618744,7.64,266.446719353392,NA
2017-01-06,2017-01-06 15:44:28,11.22,11.7899947182145,0.618744,7.66,223.701844263573,NA
2017-01-06,2017-01-06 15:59:28,11.26,11.79109945758,0.618744,7.68,178.928084095669,NA
2017-01-06,2017-01-06 16:14:28,11.27,11.7809366885421,0.618744,7.72,132.317054421314,NA
2017-01-06,2017-01-06 16:29:28,11.29,11.7746731191664,0.618744,7.74,84.0682337064924,NA
2017-01-06,2017-01-06 16:44:28,11.32,11.7729295008392,0.618744,7.76,34.3881096548664,NA
2017-01-06,2017-01-06 16:59:28,11.32,11.7660035314999,0.618744,7.8,0,NA
2017-01-06,2017-01-06 17:14:28,11.32,11.7711072296162,0.618744,7.8,0,NA
2017-01-06,2017-01-06 17:29:28,11.38,11.7573840661027,0.618744,7.82,0,NA
2017-01-06,2017-01-06 17:44:28,11.35,11.7711456281141,0.618744,7.82,0,NA
2017-01-06,2017-01-06 17:59:28,11.34,11.7745492585784,0.618744,7.8,0,NA
2017-01-06,2017-01-06 18:14:28,11.34,11.7733623520397,0.618744,7.8,0,NA
2017-01-06,2017-01-06 18:29:28,11.36,11.7898302922333,0.621792,7.78,0,NA
